<decision hit-policy="first" version="1">
  <rules>
    <rule id="64208af5-9a0f-4cfd-be5a-3a4cfe2da279" name="Set Case as Confidential">
      <logical operator="AND">
        <logical operator="AND">
          <condition operator="==">
            <lhs type="attribute">msdyn_ocliveworkitem.msdyn_routableobjectid_Incident_msdyn_ocliveworkitem_incident.incidentstagecode</lhs>
            <rhs type="staticvalue">929700001</rhs>
          </condition>
        </logical>
      </logical>
      <action>
        <setattribute>
          <lhs type="attribute">msdyn_ocliveworkitem.msdyn_routableobjectid_Incident_msdyn_ocliveworkitem_incident.incidentstagecode</lhs>
          <rhs type="staticvalue">929700003</rhs>
        </setattribute>
      </action>
    </rule>
  </rules>
</decision>