<decision hit-policy="all" version="1">
  <rules>
    <rule id="b3562beb-bace-4f05-8c41-16f41564be00" name="Transfer To Confidential Queue">
      <logical operator="AND">
        <logical operator="AND">
          <condition operator="==">
            <lhs type="attribute">msdyn_ocliveworkitem.msdyn_routableobjectid_Incident_msdyn_ocliveworkitem_incident.tfl_isconfidential</lhs>
            <rhs type="staticvalue">true</rhs>
          </condition>
        </logical>
      </logical>
      <action>
        <setattribute>
          <lhs type="attribute">assign_to.queue</lhs>
          <rhs type="staticvalue">fdf187d8-7655-ee11-be6f-6045bdad128a</rhs>
        </setattribute>
      </action>
    </rule>
  </rules>
</decision>