<decision hit-policy="first" version="1">
  <rules>
    <rule id="b0f59d98-ba50-4203-bd89-84ae36aa7b86" name="Set Case as Escalated">
      <logical operator="AND">
        <logical operator="AND">
          <condition operator="==">
            <lhs type="attribute">msdyn_ocliveworkitem.msdyn_routableobjectid_Incident_msdyn_ocliveworkitem_incident.incidentstagecode</lhs>
            <rhs type="staticvalue">929700001</rhs>
          </condition>
        </logical>
      </logical>
      <action>
        <setattribute>
          <lhs type="attribute">msdyn_ocliveworkitem.msdyn_routableobjectid_Incident_msdyn_ocliveworkitem_incident.incidentstagecode</lhs>
          <rhs type="staticvalue">929700002</rhs>
        </setattribute>
      </action>
    </rule>
  </rules>
</decision>