<msdyn_decisionruleset msdyn_uniquename="new_1b9e4e3883ee4d21b31320cba0564ca7">
  <iscustomizable>1</iscustomizable>
  <msdyn_authoringmode>192350000</msdyn_authoringmode>
  <msdyn_inputcontractid>
    <msdyn_uniquename>new_cb44c30e_4c73_417a_b5f3_f5cf9865b8e4</msdyn_uniquename>
  </msdyn_inputcontractid>
  <msdyn_isinputcollection>0</msdyn_isinputcollection>
  <msdyn_name default="Escalated Case - Update Case Stage">
    <label description="Escalated Case - Update Case Stage" languagecode="1033" />
  </msdyn_name>
  <msdyn_outputcontractid>
    <msdyn_uniquename>new_cb44c30e_4c73_417a_b5f3_f5cf9865b8e4</msdyn_uniquename>
  </msdyn_outputcontractid>
  <msdyn_persistoutputdata>0</msdyn_persistoutputdata>
  <msdyn_refreshinputdata>0</msdyn_refreshinputdata>
  <msdyn_rulesettype>192350000</msdyn_rulesettype>
  <statecode>0</statecode>
  <statuscode>1</statuscode>
</msdyn_decisionruleset>