<msdyn_routingconfigurationstep msdyn_uniquename="new_0e4047021ca6444ba1bbf22ced0fc269">
  <iscustomizable>1</iscustomizable>
  <msdyn_name default="TfL Underground-WC-Update Case Stage">
    <label description="TfL Underground-WC-Update Case Stage" languagecode="1033" />
  </msdyn_name>
  <msdyn_routingconfigurationid>
    <msdyn_uniquename>new_661207e42f3e4b178329144cf5856329</msdyn_uniquename>
  </msdyn_routingconfigurationid>
  <msdyn_rulesetid>
    <msdyn_uniquename>new_daf19a9ac77a41718432cf722a3577ed</msdyn_uniquename>
  </msdyn_rulesetid>
  <msdyn_steporder>1</msdyn_steporder>
  <msdyn_type>192350000</msdyn_type>
  <statecode>0</statecode>
  <statuscode>1</statuscode>
</msdyn_routingconfigurationstep>