<msdyn_routingconfigurationstep msdyn_uniquename="new_61058d98894746dd9041f8405cf05d1d">
  <iscustomizable>1</iscustomizable>
  <msdyn_name default="Queue Routing">
    <label description="Queue Routing" languagecode="1033" />
  </msdyn_name>
  <msdyn_routingconfigurationid>
    <msdyn_uniquename>new_48092790036040508b9d7b0712c8493c</msdyn_uniquename>
  </msdyn_routingconfigurationid>
  <msdyn_rulesetid>
    <msdyn_uniquename>new_712a271d4356474793538554313eb486</msdyn_uniquename>
  </msdyn_rulesetid>
  <msdyn_steporder>2</msdyn_steporder>
  <msdyn_type>192350002</msdyn_type>
  <statecode>0</statecode>
  <statuscode>1</statuscode>
</msdyn_routingconfigurationstep>