<msdyn_decisionruleset msdyn_uniquename="new_13169250f67946a3afec47b396c7adab">
  <iscustomizable>1</iscustomizable>
  <msdyn_authoringmode>192350000</msdyn_authoringmode>
  <msdyn_inputcontractid>
    <msdyn_uniquename>new_cb44c30e_4c73_417a_b5f3_f5cf9865b8e4</msdyn_uniquename>
  </msdyn_inputcontractid>
  <msdyn_isinputcollection>0</msdyn_isinputcollection>
  <msdyn_name default="Escalated Cases - Queue Routing">
    <label description="Escalated Cases - Queue Routing" languagecode="1033" />
  </msdyn_name>
  <msdyn_outputcontractid>
    <msdyn_uniquename>msdyn_demandqueueidentificationoutput</msdyn_uniquename>
  </msdyn_outputcontractid>
  <msdyn_persistoutputdata>0</msdyn_persistoutputdata>
  <msdyn_refreshinputdata>0</msdyn_refreshinputdata>
  <msdyn_rulesettype>192350000</msdyn_rulesettype>
  <statecode>0</statecode>
  <statuscode>1</statuscode>
</msdyn_decisionruleset>