<decision hit-policy="all" version="1">
  <rules>
    <rule id="947d451c-3db4-4980-a61a-26834b6bb301" name="Transfer to TfL Escalation Queue">
      <logical operator="AND">
        <logical operator="AND">
          <condition operator="==">
            <lhs type="attribute">msdyn_ocliveworkitem.msdyn_routableobjectid_Incident_msdyn_ocliveworkitem_incident.isescalated</lhs>
            <rhs type="staticvalue">true</rhs>
          </condition>
        </logical>
      </logical>
      <action>
        <setattribute>
          <lhs type="attribute">assign_to.queue</lhs>
          <rhs type="staticvalue">1d31316c-7854-ee11-be6f-6045bdad128a</rhs>
        </setattribute>
      </action>
    </rule>
  </rules>
</decision>