<msdyn_routingconfigurationstep msdyn_uniquename="new_b3ce9fdb716443848ec2df4489b0fa82">
  <iscustomizable>1</iscustomizable>
  <msdyn_name default="Queue Routing">
    <label description="Queue Routing" languagecode="1033" />
  </msdyn_name>
  <msdyn_routingconfigurationid>
    <msdyn_uniquename>new_4489d43a0b074ead91187dc6547255d4</msdyn_uniquename>
  </msdyn_routingconfigurationid>
  <msdyn_rulesetid>
    <msdyn_uniquename>new_8cca730493dd4b47942d4a1aadceeaa5</msdyn_uniquename>
  </msdyn_rulesetid>
  <msdyn_steporder>2</msdyn_steporder>
  <msdyn_type>192350002</msdyn_type>
  <statecode>0</statecode>
  <statuscode>1</statuscode>
</msdyn_routingconfigurationstep>