<msdyn_routingconfigurationstep msdyn_uniquename="new_f6f447c9aee64b00aed2b34ce201a13c">
  <iscustomizable>1</iscustomizable>
  <msdyn_name default="TfL Overground - Update Case Stage">
    <label description="TfL Overground - Update Case Stage" languagecode="1033" />
  </msdyn_name>
  <msdyn_routingconfigurationid>
    <msdyn_uniquename>new_4489d43a0b074ead91187dc6547255d4</msdyn_uniquename>
  </msdyn_routingconfigurationid>
  <msdyn_rulesetid>
    <msdyn_uniquename>new_8c930a196acf4679b6628540ecb86f66</msdyn_uniquename>
  </msdyn_rulesetid>
  <msdyn_steporder>1</msdyn_steporder>
  <msdyn_type>192350000</msdyn_type>
  <statecode>0</statecode>
  <statuscode>1</statuscode>
</msdyn_routingconfigurationstep>