<msdyn_routingconfigurationstep msdyn_uniquename="new_f6d8723fda90433aa9b1a8a2d3baf960">
  <iscustomizable>1</iscustomizable>
  <msdyn_name default="Queue Routing">
    <label description="Queue Routing" languagecode="1033" />
  </msdyn_name>
  <msdyn_routingconfigurationid>
    <msdyn_uniquename>new_9acdd64c65f5493aa9da26f429b5ac4d</msdyn_uniquename>
  </msdyn_routingconfigurationid>
  <msdyn_rulesetid>
    <msdyn_uniquename>new_13169250f67946a3afec47b396c7adab</msdyn_uniquename>
  </msdyn_rulesetid>
  <msdyn_steporder>2</msdyn_steporder>
  <msdyn_type>192350002</msdyn_type>
  <statecode>0</statecode>
  <statuscode>1</statuscode>
</msdyn_routingconfigurationstep>