<decision hit-policy="first" version="1">
  <rules>
    <rule id="d030d3f7-295f-42c7-965f-11850f21bab7" name="Escalated-Rule-Update Case Stage">
      <logical operator="AND">
        <logical operator="AND">
          <condition operator="==">
            <lhs type="attribute">msdyn_ocliveworkitem.msdyn_routableobjectid_Incident_msdyn_ocliveworkitem_incident.incidentstagecode</lhs>
            <rhs type="staticvalue">929700001</rhs>
          </condition>
        </logical>
      </logical>
      <action>
        <setattribute>
          <lhs type="attribute">msdyn_ocliveworkitem.msdyn_routableobjectid_Incident_msdyn_ocliveworkitem_incident.incidentstagecode</lhs>
          <rhs type="staticvalue">929700002</rhs>
        </setattribute>
      </action>
    </rule>
  </rules>
</decision>