<msdyn_routingconfigurationstep msdyn_uniquename="new_53df3a5b7e0141afae19d1e63b4b518e">
  <iscustomizable>1</iscustomizable>
  <msdyn_name default="Confidential Case - Update Case stage">
    <label description="Confidential Case - Update Case stage" languagecode="1033" />
  </msdyn_name>
  <msdyn_routingconfigurationid>
    <msdyn_uniquename>new_4af0a4bc9f1a494e8287da27ec14ae2d</msdyn_uniquename>
  </msdyn_routingconfigurationid>
  <msdyn_rulesetid>
    <msdyn_uniquename>new_7cde453e660e40a39214e23f2291e9fc</msdyn_uniquename>
  </msdyn_rulesetid>
  <msdyn_steporder>1</msdyn_steporder>
  <msdyn_type>192350000</msdyn_type>
  <statecode>0</statecode>
  <statuscode>1</statuscode>
</msdyn_routingconfigurationstep>