<msdyn_routingconfigurationstep msdyn_uniquename="new_9ada245fa67c4e6386d68cb93867adeb">
  <iscustomizable>1</iscustomizable>
  <msdyn_name default="Update Case Stage">
    <label description="Update Case Stage" languagecode="1033" />
  </msdyn_name>
  <msdyn_routingconfigurationid>
    <msdyn_uniquename>new_48092790036040508b9d7b0712c8493c</msdyn_uniquename>
  </msdyn_routingconfigurationid>
  <msdyn_rulesetid>
    <msdyn_uniquename>new_c1357376d637410580abe5538fd8de5f</msdyn_uniquename>
  </msdyn_rulesetid>
  <msdyn_steporder>1</msdyn_steporder>
  <msdyn_type>192350000</msdyn_type>
  <statecode>0</statecode>
  <statuscode>1</statuscode>
</msdyn_routingconfigurationstep>