<msdyn_routingconfigurationstep msdyn_uniquename="new_f727cfc488504c9badd8b2d182ddb3e8">
  <iscustomizable>1</iscustomizable>
  <msdyn_name default="Queue Routing">
    <label description="Queue Routing" languagecode="1033" />
  </msdyn_name>
  <msdyn_routingconfigurationid>
    <msdyn_uniquename>new_661207e42f3e4b178329144cf5856329</msdyn_uniquename>
  </msdyn_routingconfigurationid>
  <msdyn_rulesetid>
    <msdyn_uniquename>new_226a060427b3484a8fbe0fefd36a75eb</msdyn_uniquename>
  </msdyn_rulesetid>
  <msdyn_steporder>2</msdyn_steporder>
  <msdyn_type>192350002</msdyn_type>
  <statecode>0</statecode>
  <statuscode>1</statuscode>
</msdyn_routingconfigurationstep>