<msdyn_routingconfigurationstep msdyn_uniquename="new_b259b2e62c7c455d9de9452d63c6171c">
  <iscustomizable>1</iscustomizable>
  <msdyn_name default="Confidential Case - Queue Routing">
    <label description="Confidential Case - Queue Routing" languagecode="1033" />
  </msdyn_name>
  <msdyn_routingconfigurationid>
    <msdyn_uniquename>new_4af0a4bc9f1a494e8287da27ec14ae2d</msdyn_uniquename>
  </msdyn_routingconfigurationid>
  <msdyn_rulesetid>
    <msdyn_uniquename>new_9a7b8811627945de86f870c9a5fc8050</msdyn_uniquename>
  </msdyn_rulesetid>
  <msdyn_steporder>2</msdyn_steporder>
  <msdyn_type>192350002</msdyn_type>
  <statecode>0</statecode>
  <statuscode>1</statuscode>
</msdyn_routingconfigurationstep>