<decision hit-policy="first" version="1">
  <rules>
    <rule id="1a671b5f-b6aa-4083-baf7-7a1c820787c5" name="TfL Underground-Rule-Update Case Stage">
      <logical operator="AND">
        <logical operator="AND">
          <condition operator="==">
            <lhs type="attribute">msdyn_ocliveworkitem.msdyn_routableobjectid_Incident_msdyn_ocliveworkitem_incident.incidentstagecode</lhs>
            <rhs type="staticvalue">1</rhs>
          </condition>
        </logical>
      </logical>
      <action>
        <setattribute>
          <lhs type="attribute">msdyn_ocliveworkitem.msdyn_routableobjectid_Incident_msdyn_ocliveworkitem_incident.incidentstagecode</lhs>
          <rhs type="staticvalue">929700001</rhs>
        </setattribute>
      </action>
    </rule>
  </rules>
</decision>