<msdyn_decisionruleset msdyn_uniquename="new_daf19a9ac77a41718432cf722a3577ed">
  <iscustomizable>1</iscustomizable>
  <msdyn_authoringmode>192350000</msdyn_authoringmode>
  <msdyn_inputcontractid>
    <msdyn_uniquename>new_b4091a35_b2e7_4fcb_abb0_131c06bd477a</msdyn_uniquename>
  </msdyn_inputcontractid>
  <msdyn_isinputcollection>0</msdyn_isinputcollection>
  <msdyn_name default="TfL Underground-WC-Update Case Stage">
    <label description="TfL Underground-WC-Update Case Stage" languagecode="1033" />
  </msdyn_name>
  <msdyn_outputcontractid>
    <msdyn_uniquename>new_b4091a35_b2e7_4fcb_abb0_131c06bd477a</msdyn_uniquename>
  </msdyn_outputcontractid>
  <msdyn_persistoutputdata>0</msdyn_persistoutputdata>
  <msdyn_refreshinputdata>0</msdyn_refreshinputdata>
  <msdyn_rulesettype>192350000</msdyn_rulesettype>
  <statecode>0</statecode>
  <statuscode>1</statuscode>
</msdyn_decisionruleset>