<decision hit-policy="first" version="1">
  <rules>
    <rule id="3174c9cb-b4dd-496d-bb67-1a6a6b9346f6" name="TfL Bus-Rule-Update Case Stage">
      <logical operator="AND">
        <logical operator="AND">
          <condition operator="==">
            <lhs type="attribute">msdyn_ocliveworkitem.msdyn_routableobjectid_Incident_msdyn_ocliveworkitem_incident.incidentstagecode</lhs>
            <rhs type="staticvalue">1</rhs>
          </condition>
        </logical>
      </logical>
      <action>
        <setattribute>
          <lhs type="attribute">msdyn_ocliveworkitem.msdyn_routableobjectid_Incident_msdyn_ocliveworkitem_incident.incidentstagecode</lhs>
          <rhs type="staticvalue">929700001</rhs>
        </setattribute>
      </action>
    </rule>
  </rules>
</decision>