<msdyn_decisionruleset msdyn_uniquename="new_c1357376d637410580abe5538fd8de5f">
  <iscustomizable>1</iscustomizable>
  <msdyn_authoringmode>192350000</msdyn_authoringmode>
  <msdyn_inputcontractid>
    <msdyn_uniquename>new_09297492_d479_467c_915f_2f74dfee789b</msdyn_uniquename>
  </msdyn_inputcontractid>
  <msdyn_isinputcollection>0</msdyn_isinputcollection>
  <msdyn_name default="TfL Bus-WC-Update Case Stage">
    <label description="TfL Bus-WC-Update Case Stage" languagecode="1033" />
  </msdyn_name>
  <msdyn_outputcontractid>
    <msdyn_uniquename>new_09297492_d479_467c_915f_2f74dfee789b</msdyn_uniquename>
  </msdyn_outputcontractid>
  <msdyn_persistoutputdata>0</msdyn_persistoutputdata>
  <msdyn_refreshinputdata>0</msdyn_refreshinputdata>
  <msdyn_rulesettype>192350000</msdyn_rulesettype>
  <statecode>0</statecode>
  <statuscode>1</statuscode>
</msdyn_decisionruleset>